Package Name,Version Code,Number of Supported Languages,Supported Languages List
com.google.android.apps.translate,30000023,50,[Romanian|Catalan; Valencian|Malay|Armenian|Russian|Chinese|Ukrainian|Zulu|French|Estonian|Georgian|Slovenian|Latvian|Thai|Hindi|Polish|Mongolian|Persian|Portuguese|Lao|English|Arabic|Turkish|Croatian|Afrikaans|Tagalog|Japanese|Spanish; Castilian|Norwegian|Swedish|Slovak|Korean|Danish|Bokml- Norwegian; Norwegian Bokml|Amharic|Dutch; Flemish|Czech|Swahili|Indonesian|Bulgarian|Central Khmer|Lithuanian|Hungarian|Hebrew|Italian|Finnish|German|Vietnamese|Greek- Modern (1453-)|Serbian]
air.au.com.metro.DumbWaysToDie,1004003,1,[English]
com.dropbox.android,231004,13,[Malay|German|Russian|Chinese|French|Japanese|Polish|Spanish; Castilian|Portuguese|Italian|Korean|Indonesian|English]
com.melodis.midomiMusicIdentifier.freemium,10591,45,[Romanian|Catalan; Valencian|Malay|Russian|Chinese|Ukrainian|Belarusian|Zulu|French|Estonian|Slovenian|Latvian|Thai|Hindi|Polish|Persian|Portuguese|English|Arabic|Turkish|Croatian|Afrikaans|Tagalog|Japanese|Spanish; Castilian|Norwegian|Swedish|Slovak|Korean|Danish|Bokml- Norwegian; Norwegian Bokml|Amharic|Dutch; Flemish|Czech|Swahili|Bulgarian|Lithuanian|Hungarian|Hebrew|Italian|Finnish|German|Vietnamese|Greek- Modern (1453-)|Serbian]
com.samsung.swift.app.kiesair,23132,62,[Kazakh|Romanian|Basque|Catalan; Valencian|English|Irish|Malay|Azerbaijani|Armenian|Russian|Tamil|Ukrainian|Assamese|French|Estonian|Georgian|Slovenian|Latvian|Thai|Hindi|Polish|Persian|Icelandic|Macedonian|Portuguese|Arabic|Panjabi; Punjabi|Turkish|Croatian|Kannada|Urdu|Japanese|Gujarati|Spanish; Castilian|Norwegian|Chinese|Swedish|Slovak|Korean|Danish|Galician|Bokml- Norwegian; Norwegian Bokml|Telugu|Dutch; Flemish|Czech|Malayalam|Sinhala; Sinhalese|Indonesian|Bengali|Bulgarian|Lithuanian|Hungarian|Hebrew|Italian|Nepali|Marathi|Finnish|Oriya|German|Vietnamese|Greek- Modern (1453-)|Serbian]
com.skype.raider,67405411,32,[Romanian|Catalan; Valencian|Russian|Chinese|Ukrainian|French|Estonian|Slovenian|Latvian|Polish|Portuguese|English|Turkish|Croatian|Japanese|Swedish|Slovak|Spanish; Castilian|Korean|Danish|Bokml- Norwegian; Norwegian Bokml|Dutch; Flemish|Czech|Bulgarian|Lithuanian|Hungarian|Italian|Finnish|German|Vietnamese|Greek- Modern (1453-)|Serbian]
Game.SpeedMoto,18,1,[English]
com.google.android.music,1109,44,[Slovak|Danish|Belarusian|Polish|Romanian|Catalan; Valencian|Swahili|Tagalog|French|Zulu|Swedish|Ukrainian|Portuguese|Afrikaans|Bulgarian|Russian|Malay|Croatian|Latvian|Vietnamese|Chinese|German|Serbian|Dutch; Flemish|Bokml- Norwegian; Norwegian Bokml|Persian|Hindi|Korean|Estonian|Slovenian|Spanish; Castilian|Hungarian|Lithuanian|Romansh|Thai|Turkish|English|Arabic|Finnish|Japanese|Italian|Greek- Modern (1453-)|Amharic|Czech]
com.socialnmobile.dictapps.notepad.color.note,190,12,[Russian|Chinese|French|Portuguese|Arabic|Turkish|Japanese|Spanish; Castilian|Korean|Italian|German|English]
com.gau.go.launcherex,303,5,[Russian|Chinese|Spanish; Castilian|Korean|English]
com.sec.chaton,207103000,53,[Kazakh|Romanian|Catalan; Valencian|English|Malay|Azerbaijani|Armenian|Russian|Tamil|Chinese|Ukrainian|French|Estonian|Georgian|Slovenian|Latvian|Thai|Hindi|Polish|Persian|Icelandic|Macedonian|Portuguese|Arabic|Panjabi; Punjabi|Turkish|Croatian|Kannada|Urdu|Japanese|Gujarati|Spanish; Castilian|Swedish|Slovak|Uzbek|Korean|Danish|Bokml- Norwegian; Norwegian Bokml|Telugu|Dutch; Flemish|Czech|Malayalam|Bengali|Bulgarian|Lithuanian|Hungarian|Italian|Marathi|Finnish|German|Vietnamese|Greek- Modern (1453-)|Serbian]
air.com.playtika.slotomania,1039000,15,[Russian|Chinese|French|Polish|Portuguese|Turkish|Japanese|Swedish|Spanish; Castilian|Korean|Dutch; Flemish|Czech|Italian|German|English]
com.adobe.reader,77969,16,[Russian|Chinese|French|Polish|Portuguese|Turkish|English|Japanese|Swedish|Spanish; Castilian|Korean|Danish|Dutch; Flemish|Czech|Italian|German]
com.accuweather.android,41,45,[Romanian|Catalan; Valencian|Malay|Russian|Chinese|Ukrainian|Spanish; Castilian|Belarusian|Zulu|French|Estonian|Slovenian|Latvian|Thai|Hindi|Polish|Persian|Portuguese|English|Arabic|Turkish|Croatian|Afrikaans|Tagalog|Japanese|Norwegian|Swedish|Slovak|Korean|Danish|Bokml- Norwegian; Norwegian Bokml|Amharic|Dutch; Flemish|Czech|Swahili|Indonesian|Bulgarian|Lithuanian|Hungarian|Italian|Finnish|German|Vietnamese|Greek- Modern (1453-)|Serbian]
com.aceviral.angrygranrun,24,3,[Spanish; Castilian|Hebrew|English]
br.com.rodrigokolb.realdrum,20,14,[Russian|French|Polish|Portuguese|Japanese|Swedish|Chinese|Spanish; Castilian|Korean|Danish|Dutch; Flemish|Italian|German|English]
com.zeptolab.ctr.ads,22,1,[English]
com.advancedprocessmanager,59,12,[Russian|Chinese|French|Slovenian|Polish|Japanese|Spanish; Castilian|Korean|Dutch; Flemish|Italian|German|English]
vStudio.Android.Camera360,422,3,[Chinese|Thai|English]
flipboard.app,607,10,[French|English|Portuguese|Japanese|Chinese|Spanish; Castilian|Korean|Dutch; Flemish|Italian|German]
com.google.android.apps.plus,413009748,49,[Romanian|Chinese|Turkish|Catalan; Valencian|German|Portuguese|Malay|English|Russian|Serbian|Zulu|Korean|Ukrainian|Finnish|Belarusian|Dutch; Flemish|Swedish|French|Estonian|Slovenian|Greek- Modern (1453-)|Latvian|Czech|Japanese|Thai|Spanish; Castilian|Hindi|Polish|Persian|Armenian|Mongolian|Arabic|Croatian|Georgian|Hungarian|Afrikaans|Tagalog|Indonesian|Slovak|Central Khmer|Danish|Vietnamese|Bokml- Norwegian; Norwegian Bokml|Amharic|Swahili|Italian|Bulgarian|Lithuanian|Lao]
com.netflix.mediaclient,1042,9,[French|Portuguese|English|Swedish|Spanish; Castilian|Danish|Bokml- Norwegian; Norwegian Bokml|Dutch; Flemish|Finnish]
com.androidwasabi.livewallpaper.dandelion,44,26,[Romanian|Malay|Russian|Chinese|Ukrainian|French|Thai|Polish|Portuguese|Turkish|Japanese|Norwegian|Swedish|Spanish; Castilian|Korean|Danish|Bokml- Norwegian; Norwegian Bokml|Dutch; Flemish|Czech|Hungarian|Italian|Finnish|German|Vietnamese|Greek- Modern (1453-)|English]
Game.NDK,27,1,[English]
com.antivirus,181729,16,[Russian|French|Hindi|Polish|Portuguese|Arabic|Japanese|Chinese|Spanish; Castilian|Korean|Dutch; Flemish|Czech|Hebrew|Italian|German|English]
com.whatsapp,48348,49,[Romanian|Basque|Catalan; Valencian|Malay|Persian|Russian|Chinese|Ukrainian|Belarusian|Zulu|Arabic|French|Estonian|Slovenian|Latvian|Thai|Hindi|Polish|Macedonian|Portuguese|Hebrew|English|Turkish|Croatian|Afrikaans|Tagalog|Japanese|Spanish; Castilian|Swedish|Albanian|Bokml- Norwegian; Norwegian Bokml|Slovak|Korean|Danish|Galician|Amharic|Dutch; Flemish|Czech|Swahili|Indonesian|Bulgarian|Lithuanian|Hungarian|Italian|Finnish|German|Vietnamese|Greek- Modern (1453-)|Serbian]
com.google.android.apps.docs,1222832,38,[Romanian|Catalan; Valencian|Chinese|Czech|Hindi|Persian|Russian|Danish|Latvian|Croatian|Ukrainian|Slovak|Arabic|French|Polish|Slovenian|Spanish; Castilian|Thai|English|German|Dutch; Flemish|Portuguese|Bulgarian|Italian|Turkish|Swedish|Tagalog|Japanese|Norwegian|Finnish|Korean|Bokml- Norwegian; Norwegian Bokml|Vietnamese|Indonesian|Hungarian|Greek- Modern (1453-)|Lithuanian|Serbian]
com.pandora.android,44,1,[English]
com.jb.gosms,154,6,[Malay|Chinese|French|Korean|German|English]
com.gau.go.launcherex,267,5,[Russian|Chinese|Spanish; Castilian|Korean|English]
com.creativemobile.DragRacing,90,43,[Romanian|Catalan; Valencian|Malay|Russian|Chinese|Ukrainian|Belarusian|Zulu|French|Estonian|Slovenian|Latvian|Thai|Hindi|Polish|Persian|Portuguese|English|Arabic|Turkish|Croatian|Afrikaans|Tagalog|Japanese|Spanish; Castilian|Swedish|Slovak|Korean|Danish|Bokml- Norwegian; Norwegian Bokml|Amharic|Dutch; Flemish|Czech|Swahili|Bulgarian|Lithuanian|Hungarian|Italian|Finnish|German|Vietnamese|Greek- Modern (1453-)|Serbian]
com.google.earth,13294050,46,[Spanish; Castilian|Romanian|Catalan; Valencian|Malay|Russian|Chinese|Ukrainian|Belarusian|Zulu|French|Estonian|Slovenian|Latvian|Thai|Hindi|Polish|Persian|Portuguese|English|Arabic|Turkish|Croatian|Afrikaans|Tagalog|Japanese|Norwegian|Swedish|Slovak|Korean|Danish|Bokml- Norwegian; Norwegian Bokml|Amharic|Dutch; Flemish|Czech|Swahili|Indonesian|Bulgarian|Lithuanian|Hungarian|Hebrew|Italian|Finnish|German|Vietnamese|Greek- Modern (1453-)|Serbian]
com.advancedprocessmanager,68,20,[Russian|Chinese|French|Slovenian|Thai|Hindi|Polish|Portuguese|Arabic|Turkish|Japanese|Norwegian|Swedish|Spanish; Castilian|Korean|Dutch; Flemish|Italian|German|Vietnamese|English]
com.yahoo.mobile.client.android.mail,1310622,21,[Romanian|Malay|English|Russian|Chinese|Spanish; Castilian|French|Polish|Portuguese|Dutch; Flemish|Danish|Japanese|Bokml- Norwegian; Norwegian Bokml|Greek- Modern (1453-)|Korean|Turkish|Indonesian|Italian|Swedish|German|Vietnamese]
com.adobe.air,3900138,15,[Russian|Chinese|French|Polish|Portuguese|Turkish|Japanese|Swedish|Spanish; Castilian|Korean|Dutch; Flemish|Czech|Italian|German|English]
com.a0soft.gphone.app2sd,321,37,[Romanian|Russian|Tamil|Ukrainian|French|Slovenian|Thai|Hindi|Polish|Persian|Macedonian|Portuguese|Arabic|Turkish|Croatian|Tagalog|Japanese|Swedish|Chinese|Slovak|Spanish; Castilian|Korean|Danish|Galician|Dutch; Flemish|Czech|Bulgarian|Lithuanian|Hungarian|Hebrew|Italian|Finnish|German|Vietnamese|Greek- Modern (1453-)|Serbian|English]
co.vine.android,1400110,43,[Romanian|Catalan; Valencian|Malay|Russian|Chinese|Ukrainian|Belarusian|Zulu|French|Estonian|Slovenian|Latvian|English|Thai|Hindi|Polish|Persian|Portuguese|Arabic|Turkish|Croatian|Afrikaans|Tagalog|Japanese|Spanish; Castilian|Swedish|Slovak|Korean|Danish|Bokml- Norwegian; Norwegian Bokml|Amharic|Dutch; Flemish|Czech|Swahili|Bulgarian|Lithuanian|Hungarian|Italian|Finnish|German|Vietnamese|Greek- Modern (1453-)|Serbian]
cn.wps.moffice_eng,72,2,[Chinese|English]
com.imangi.templerun2,12,44,[Romanian|Catalan; Valencian|Malay|Russian|Chinese|Ukrainian|Belarusian|Zulu|French|Estonian|Slovenian|Latvian|Thai|Hindi|Polish|Persian|Portuguese|English|Arabic|Turkish|Croatian|Afrikaans|Tagalog|Japanese|Spanish; Castilian|Swedish|Slovak|Korean|Danish|Bokml- Norwegian; Norwegian Bokml|Amharic|Dutch; Flemish|Czech|Swahili|Bulgarian|Lithuanian|Hungarian|Hebrew|Italian|Finnish|German|Vietnamese|Greek- Modern (1453-)|Serbian]
com.whatsapp,48235,48,[Romanian|Basque|Catalan; Valencian|Malay|Persian|Russian|Chinese|Ukrainian|Belarusian|Zulu|Arabic|French|Estonian|Slovenian|Latvian|Thai|Hindi|Polish|Portuguese|Hebrew|English|Turkish|Croatian|Afrikaans|Tagalog|Japanese|Spanish; Castilian|Swedish|Albanian|Bokml- Norwegian; Norwegian Bokml|Slovak|Korean|Danish|Galician|Amharic|Dutch; Flemish|Czech|Swahili|Indonesian|Bulgarian|Lithuanian|Hungarian|Italian|Finnish|German|Vietnamese|Greek- Modern (1453-)|Serbian]
com.halfbrick.jetpackjoyride,1600,6,[French|Chinese|Spanish; Castilian|Italian|German|English]
net.zedge.android,40005,3,[Spanish; Castilian|Bokml- Norwegian; Norwegian Bokml|English]
com.google.android.apps.books,30015,43,[Romanian|Catalan; Valencian|Malay|Russian|Chinese|Ukrainian|Belarusian|Zulu|French|Estonian|Slovenian|Latvian|Thai|Hindi|Polish|Persian|Portuguese|English|Arabic|Turkish|Croatian|Afrikaans|Tagalog|Japanese|Spanish; Castilian|Swedish|Slovak|Korean|Danish|Bokml- Norwegian; Norwegian Bokml|Amharic|Dutch; Flemish|Czech|Swahili|Bulgarian|Lithuanian|Hungarian|Italian|Finnish|German|Vietnamese|Greek- Modern (1453-)|Serbian]
com.amazon.mShop.android,2801,7,[English|French|Japanese|Chinese|Spanish; Castilian|Italian|German]
com.google.android.apps.maps,704001103,46,[Romanian|Catalan; Valencian|Malay|Russian|Chinese|Ukrainian|Belarusian|Zulu|French|Estonian|Slovenian|Hebrew|Latvian|Japanese|Thai|Hindi|Polish|Spanish; Castilian|Persian|Portuguese|English|Arabic|Turkish|Croatian|Afrikaans|Tagalog|Norwegian|Swedish|Slovak|Korean|Danish|Bokml- Norwegian; Norwegian Bokml|Amharic|Dutch; Flemish|Czech|Swahili|Indonesian|Bulgarian|Lithuanian|Hungarian|Italian|Finnish|German|Vietnamese|Greek- Modern (1453-)|Serbian]
com.amazon.mp3,3002410,8,[Chinese|French|Japanese|English|Spanish; Castilian|Czech|Italian|German]
com.skype.raider,67130946,18,[Russian|Chinese|French|Estonian|Polish|Portuguese|English|Japanese|Swedish|Spanish; Castilian|Korean|Danish|Bokml- Norwegian; Norwegian Bokml|Dutch; Flemish|Bulgarian|Italian|Finnish|German]
com.adobe.psmobile,12,49,[Romanian|Catalan; Valencian|Malay|English|Russian|Chinese|Ukrainian|Belarusian|Zulu|French|Estonian|Slovenian|Latvian|Thai|Hindi|Polish|Persian|Portuguese|Armenian|Mongolian|Arabic|Turkish|Croatian|Georgian|Afrikaans|Tagalog|Japanese|Spanish; Castilian|Swedish|Slovak|Central Khmer|Korean|Danish|Bokml- Norwegian; Norwegian Bokml|Amharic|Dutch; Flemish|Czech|Swahili|Bulgarian|Lithuanian|Hungarian|Hebrew|Italian|Finnish|Lao|German|Vietnamese|Greek- Modern (1453-)|Serbian]
com.gameloft.android.ANMP.GloftDMHM,15022,44,[Romanian|Catalan; Valencian|Malay|Russian|Chinese|Ukrainian|Belarusian|Zulu|French|Estonian|Slovenian|Latvian|Thai|Hindi|Polish|Persian|Portuguese|English|Arabic|Turkish|Croatian|Afrikaans|Tagalog|Japanese|Spanish; Castilian|Swedish|Slovak|Korean|Danish|Bokml- Norwegian; Norwegian Bokml|Amharic|Dutch; Flemish|Czech|Swahili|Bulgarian|Lithuanian|Hungarian|Hebrew|Italian|Finnish|German|Vietnamese|Greek- Modern (1453-)|Serbian]
com.rovio.angrybirds,3410,1,[English]
com.androidwasabi.livewallpaper.waterdrop,30,26,[Romanian|Malay|Russian|Chinese|Ukrainian|French|Thai|Polish|Portuguese|Turkish|Japanese|Norwegian|Swedish|Spanish; Castilian|Korean|Danish|Bokml- Norwegian; Norwegian Bokml|Dutch; Flemish|Czech|Hungarian|Italian|Finnish|German|Vietnamese|Greek- Modern (1453-)|English]
com.outfit7.talkingtom,63,12,[Russian|French|Portuguese|Arabic|Turkish|Japanese|Chinese|Spanish; Castilian|Korean|Italian|German|English]
com.ebay.mobile,46,43,[Romanian|Catalan; Valencian|Malay|English|Russian|Chinese|Ukrainian|Belarusian|Zulu|French|Estonian|Slovenian|Latvian|Thai|Hindi|Polish|Persian|Portuguese|Arabic|Turkish|Croatian|Afrikaans|Tagalog|Japanese|Spanish; Castilian|Swedish|Slovak|Korean|Danish|Bokml- Norwegian; Norwegian Bokml|Amharic|Dutch; Flemish|Czech|Swahili|Bulgarian|Lithuanian|Hungarian|Italian|Finnish|German|Vietnamese|Greek- Modern (1453-)|Serbian]
com.outfit7.talkingtom2free,32,11,[Russian|French|Portuguese|Arabic|Japanese|Chinese|Spanish; Castilian|Korean|Italian|German|English]
com.shootbubble.bubbledexlue,12,1,[English]
com.google.android.apps.magazines,131402010,45,[Romanian|Catalan; Valencian|Malay|Russian|Chinese|Ukrainian|Belarusian|Zulu|French|Estonian|Slovenian|Latvian|Thai|Hindi|Polish|Persian|Portuguese|English|Arabic|Turkish|Croatian|Afrikaans|Tagalog|Japanese|Spanish; Castilian|Norwegian|Swedish|Slovak|Korean|Danish|Bokml- Norwegian; Norwegian Bokml|Amharic|Dutch; Flemish|Czech|Swahili|Indonesian|Bulgarian|Lithuanian|Hungarian|Italian|Finnish|German|Vietnamese|Greek- Modern (1453-)|Serbian]
com.gamestar.pianoperfect,619,43,[Romanian|Catalan; Valencian|Malay|Russian|Chinese|Ukrainian|Belarusian|Zulu|French|Estonian|Slovenian|Latvian|Thai|Hindi|Polish|Persian|Portuguese|English|Arabic|Turkish|Croatian|Afrikaans|Tagalog|Japanese|Spanish; Castilian|Swedish|Slovak|Korean|Danish|Bokml- Norwegian; Norwegian Bokml|Amharic|Dutch; Flemish|Czech|Swahili|Bulgarian|Lithuanian|Hungarian|Italian|Finnish|German|Vietnamese|Greek- Modern (1453-)|Serbian]
com.king.candycrushsaga,102101,3,[Spanish; Castilian|Hebrew|English]
ch.smalltech.battery.free,131,31,[Romanian|Malay|Russian|Ukrainian|Chinese|French|Thai|Hindi|Polish|Portuguese|Arabic|Turkish|Japanese|Swedish|Slovak|Spanish; Castilian|Korean|Danish|Bokml- Norwegian; Norwegian Bokml|Dutch; Flemish|Czech|Bulgarian|Hungarian|Hebrew|Italian|Finnish|German|Vietnamese|Greek- Modern (1453-)|Serbian|English]
com.metago.astro,564,49,[Romanian|Catalan; Valencian|Malay|English|Russian|Chinese|Ukrainian|Belarusian|Zulu|French|Estonian|Slovenian|Latvian|Thai|Hindi|Polish|Persian|Portuguese|Armenian|Mongolian|Arabic|Turkish|Croatian|Georgian|Afrikaans|Tagalog|Japanese|Spanish; Castilian|Swedish|Slovak|Central Khmer|Korean|Danish|Bokml- Norwegian; Norwegian Bokml|Amharic|Dutch; Flemish|Czech|Swahili|Bulgarian|Lithuanian|Hungarian|Hebrew|Italian|Finnish|Lao|German|Vietnamese|Greek- Modern (1453-)|Serbian]
me.pou.app,132,17,[Romanian|Catalan; Valencian|French|Polish|Portuguese|Arabic|Chinese|Slovak|Spanish; Castilian|Korean|Danish|Dutch; Flemish|Czech|Hungarian|Italian|German|English]
ch.smalltech.battery.free,129,31,[Romanian|Malay|Russian|Ukrainian|Chinese|French|Thai|Hindi|Polish|Portuguese|Arabic|Turkish|Japanese|Swedish|Slovak|Spanish; Castilian|Korean|Danish|Bokml- Norwegian; Norwegian Bokml|Dutch; Flemish|Czech|Bulgarian|Hungarian|Hebrew|Italian|Finnish|German|Vietnamese|Greek- Modern (1453-)|Serbian|English]
com.google.android.apps.plus,410508092,44,[Romanian|Catalan; Valencian|Malay|Russian|Chinese|Ukrainian|Belarusian|Zulu|French|Estonian|Slovenian|Latvian|Thai|Hindi|Polish|Persian|Portuguese|English|Arabic|Turkish|Croatian|Afrikaans|Tagalog|Japanese|Spanish; Castilian|Swedish|Slovak|Korean|Danish|Bokml- Norwegian; Norwegian Bokml|Amharic|Dutch; Flemish|Czech|Swahili|Indonesian|Bulgarian|Lithuanian|Hungarian|Italian|Finnish|German|Vietnamese|Greek- Modern (1453-)|Serbian]
com.picsart.studio,79,45,[Romanian|Catalan; Valencian|Malay|Armenian|Russian|Chinese|Ukrainian|Belarusian|Zulu|French|Estonian|Slovenian|Latvian|Thai|Hindi|Polish|Persian|Portuguese|English|Arabic|Turkish|Croatian|Afrikaans|Tagalog|Japanese|Spanish; Castilian|Swedish|Slovak|Korean|Danish|Bokml- Norwegian; Norwegian Bokml|Amharic|Dutch; Flemish|Czech|Swahili|Bulgarian|Lithuanian|Hungarian|Hebrew|Italian|Finnish|German|Vietnamese|Greek- Modern (1453-)|Serbian]
com.accuweather.android,45,45,[Romanian|Catalan; Valencian|Malay|Russian|Chinese|Ukrainian|Spanish; Castilian|Belarusian|Zulu|French|Estonian|Slovenian|Latvian|Thai|Hindi|Polish|Persian|Portuguese|English|Arabic|Turkish|Croatian|Afrikaans|Tagalog|Japanese|Norwegian|Swedish|Slovak|Korean|Danish|Bokml- Norwegian; Norwegian Bokml|Amharic|Dutch; Flemish|Czech|Swahili|Indonesian|Bulgarian|Lithuanian|Hungarian|Italian|Finnish|German|Vietnamese|Greek- Modern (1453-)|Serbian]
com.roidapp.photogrid,101,10,[Chinese|French|Thai|Arabic|Turkish|Japanese|Spanish; Castilian|Korean|German|English]
com.surpax.ledflashlight.panel,3,10,[Italian|Japanese|Chinese|French|Korean|Spanish; Castilian|Dutch; Flemish|Portuguese|German|English]
com.PinballGame,8,1,[English]
com.amdroid.pedo.gas.flatulencia,6,42,[Romanian|Italian|Catalan; Valencian|English|Czech|Malay|Hindi|Japanese|Chinese|Ukrainian|French|Belarusian|Zulu|Hungarian|Estonian|Slovenian|Latvian|Korean|Thai|Spanish; Castilian|Persian|Arabic|Portuguese|Dutch; Flemish|Croatian|Danish|Afrikaans|Russian|Norwegian|Slovak|Greek- Modern (1453-)|Polish|Turkish|Swahili|German|Indonesian|Bulgarian|Lithuanian|Swedish|Finnish|Vietnamese|Serbian]
com.sec.chaton,302115000,0,[]
com.google.android.talk,20217130,48,[Romanian|Catalan; Valencian|Chinese|Mongolian|Czech|Estonian|Malay|Hindi|English|Persian|Russian|Danish|Latvian|Croatian|Armenian|Ukrainian|Belarusian|Slovak|Central Khmer|Zulu|Arabic|French|Polish|Slovenian|Spanish; Castilian|Thai|German|Dutch; Flemish|Lao|Portuguese|Bulgarian|Afrikaans|Italian|Turkish|Swahili|Georgian|Swedish|Tagalog|Japanese|Finnish|Korean|Bokml- Norwegian; Norwegian Bokml|Amharic|Vietnamese|Hungarian|Greek- Modern (1453-)|Lithuanian|Serbian]
com.google.android.apps.docs,1246114,40,[Romanian|Catalan; Valencian|Chinese|Czech|Hindi|English|Persian|Russian|Danish|Latvian|Croatian|Ukrainian|Slovak|Arabic|French|Polish|Slovenian|Spanish; Castilian|Thai|German|Dutch; Flemish|Portuguese|Bulgarian|Italian|Turkish|Swedish|Tagalog|Japanese|Norwegian|Central Khmer|Finnish|Korean|Bokml- Norwegian; Norwegian Bokml|Vietnamese|Indonesian|Hungarian|Greek- Modern (1453-)|Lithuanian|Lao|Serbian]
com.rovio.angrybirdsspace.ads,1650,1,[English]
com.rovio.angrybirds,4000,1,[English]
atticlab.bodyscanner,41,1,[English]
com.gamestar.pianoperfect,614,2,[Chinese|English]
com.lookout,82800,43,[Romanian|Catalan; Valencian|Malay|Russian|Chinese|Ukrainian|Belarusian|Zulu|French|Estonian|Slovenian|Latvian|Thai|Hindi|Polish|Persian|Portuguese|English|Arabic|Turkish|Croatian|Afrikaans|Tagalog|Japanese|Spanish; Castilian|Swedish|Slovak|Korean|Danish|Bokml- Norwegian; Norwegian Bokml|Amharic|Dutch; Flemish|Czech|Swahili|Bulgarian|Lithuanian|Hungarian|Italian|Finnish|German|Vietnamese|Greek- Modern (1453-)|Serbian]
com.sgiggle.production,1386724633,51,[Romanian|Catalan; Valencian|Malay|English|Russian|Chinese|Ukrainian|Belarusian|Zulu|French|Estonian|Slovenian|Latvian|Thai|Hindi|Polish|Persian|Portuguese|Armenian|Mongolian|Arabic|Dutch; Flemish|Turkish|Croatian|Georgian|Afrikaans|Tagalog|Japanese|Spanish; Castilian|Norwegian|Swedish|Slovak|Central Khmer|Korean|Danish|Bokml- Norwegian; Norwegian Bokml|Amharic|Czech|Swahili|Indonesian|Bulgarian|Serbian|Lithuanian|Hungarian|Hebrew|Italian|Finnish|Lao|German|Vietnamese|Greek- Modern (1453-)]
com.aitype.android,1994,37,[Catalan; Valencian|Esperanto|Russian|French|Chinese|Ukrainian|Georgian|Slovenian|Latvian|Romansh|Thai|Polish|Persian|Portuguese|English|Arabic|Turkish|Japanese|Spanish; Castilian|Norwegian|Swedish|Slovak|Korean|Danish|Vietnamese|Bokml- Norwegian; Norwegian Bokml|Dutch; Flemish|Czech|Bulgarian|Lithuanian|Hungarian|Hebrew|Italian|Finnish|German|Greek- Modern (1453-)|Serbian]
me.pou.app,157,17,[Romanian|Catalan; Valencian|French|Polish|Portuguese|Arabic|Chinese|Slovak|Spanish; Castilian|Korean|Danish|Dutch; Flemish|Czech|Hungarian|Italian|German|English]
com.disney.WMWLite,17,9,[Russian|French|Japanese|Chinese|Spanish; Castilian|Korean|Italian|German|English]
goldenshorestechnologies.brightestflashlight.free,26,43,[Romanian|Catalan; Valencian|Malay|Bosnian|English|Russian|Tamil|Chinese|Ukrainian|French|Slovenian|Latvian|Thai|Hindi|Polish|Portuguese|Arabic|Turkish|Croatian|Tagalog|Japanese|Norwegian|Swedish|Slovak|Spanish; Castilian|Korean|Danish|Bokml- Norwegian; Norwegian Bokml|Dutch; Flemish|Czech|Swahili|Indonesian|Bulgarian|Central Khmer|Lithuanian|Hungarian|Hebrew|Italian|Finnish|German|Vietnamese|Greek- Modern (1453-)|Serbian]
com.melodis.midomiMusicIdentifier.freemium,10560,45,[Romanian|Catalan; Valencian|Malay|Russian|Chinese|Ukrainian|Belarusian|Zulu|French|Estonian|Slovenian|Latvian|Thai|Hindi|Polish|Persian|Portuguese|English|Arabic|Turkish|Croatian|Afrikaans|Tagalog|Japanese|Spanish; Castilian|Norwegian|Swedish|Slovak|Korean|Danish|Bokml- Norwegian; Norwegian Bokml|Amharic|Dutch; Flemish|Czech|Swahili|Bulgarian|Lithuanian|Hungarian|Hebrew|Italian|Finnish|German|Vietnamese|Greek- Modern (1453-)|Serbian]
com.disney.WMWLite,19,10,[Russian|French|Japanese|Chinese|Spanish; Castilian|Korean|Hebrew|Italian|German|English]
br.com.rodrigokolb.realdrum,23,14,[Russian|French|Polish|Portuguese|Japanese|Swedish|Chinese|Spanish; Castilian|Korean|Danish|Dutch; Flemish|Italian|German|English]
jp.naver.line.android,125,15,[Malay|Russian|Chinese|French|Thai|English|Arabic|Portuguese|Turkish|Japanese|Spanish; Castilian|Korean|Italian|German|Vietnamese]
brain.age.analyzer,53,10,[Russian|Chinese|French|Polish|Japanese|Spanish; Castilian|Korean|Hebrew|Italian|English]
com.pandora.android,5005,3,[Spanish; Castilian|Hebrew|English]
com.jiubang.goscreenlock,337,17,[Russian|Chinese|Ukrainian|French|Polish|Portuguese|Turkish|Japanese|Spanish; Castilian|Korean|Dutch; Flemish|Bulgarian|Italian|German|Greek- Modern (1453-)|Serbian|English]
com.kiloo.subwaysurf,36,3,[Spanish; Castilian|Hebrew|English]
com.dropbox.android,231104,44,[Romanian|Catalan; Valencian|Malay|German|Russian|Chinese|Ukrainian|Belarusian|Zulu|French|Estonian|Slovenian|Latvian|Japanese|Thai|Hindi|Polish|Spanish; Castilian|Persian|Portuguese|English|Arabic|Turkish|Croatian|Afrikaans|Tagalog|Italian|Swedish|Slovak|Korean|Danish|Bokml- Norwegian; Norwegian Bokml|Amharic|Dutch; Flemish|Czech|Swahili|Indonesian|Bulgarian|Lithuanian|Hungarian|Finnish|Vietnamese|Greek- Modern (1453-)|Serbian]
com.aceviral.angrygranrun,21,3,[Spanish; Castilian|Hebrew|English]
com.king.candycrushsaga,101601,3,[Spanish; Castilian|Hebrew|English]
ch.smalltech.ledflashlight.free,156,31,[Romanian|Malay|Russian|Ukrainian|Chinese|French|Thai|Hindi|Polish|Portuguese|Arabic|Turkish|Japanese|Swedish|Slovak|Spanish; Castilian|Korean|Danish|Bokml- Norwegian; Norwegian Bokml|Dutch; Flemish|Czech|Bulgarian|Hungarian|Hebrew|Italian|Finnish|German|Vietnamese|Greek- Modern (1453-)|Serbian|English]
goldenshorestechnologies.brightestflashlight.free,27,43,[Romanian|Catalan; Valencian|Malay|Bosnian|English|Russian|Tamil|Chinese|Ukrainian|French|Slovenian|Latvian|Thai|Hindi|Polish|Portuguese|Arabic|Turkish|Croatian|Tagalog|Japanese|Norwegian|Swedish|Slovak|Spanish; Castilian|Korean|Danish|Bokml- Norwegian; Norwegian Bokml|Dutch; Flemish|Czech|Swahili|Indonesian|Bulgarian|Central Khmer|Lithuanian|Hungarian|Hebrew|Italian|Finnish|German|Vietnamese|Greek- Modern (1453-)|Serbian]
com.avast.android.mobilesecurity,6572,44,[Romanian|Catalan; Valencian|Malay|Russian|Chinese|Ukrainian|Belarusian|Zulu|French|Estonian|Slovenian|Latvian|Thai|Hindi|Polish|Persian|Portuguese|English|Arabic|Turkish|Croatian|Afrikaans|Tagalog|Japanese|Spanish; Castilian|Swedish|Slovak|Korean|Danish|Bokml- Norwegian; Norwegian Bokml|Amharic|Dutch; Flemish|Czech|Swahili|Bulgarian|Lithuanian|Hungarian|Hebrew|Italian|Finnish|German|Vietnamese|Greek- Modern (1453-)|Serbian]
com.google.android.apps.maps,701000803,46,[Romanian|Catalan; Valencian|Malay|Russian|Chinese|Ukrainian|Belarusian|Zulu|French|Estonian|Slovenian|Hebrew|Latvian|Japanese|Thai|Hindi|Polish|Spanish; Castilian|Persian|Portuguese|English|Arabic|Turkish|Croatian|Afrikaans|Tagalog|Norwegian|Swedish|Slovak|Korean|Danish|Bokml- Norwegian; Norwegian Bokml|Amharic|Dutch; Flemish|Czech|Swahili|Indonesian|Bulgarian|Lithuanian|Hungarian|Italian|Finnish|German|Vietnamese|Greek- Modern (1453-)|Serbian]
com.ansangha.drdriving,12,44,[Romanian|Catalan; Valencian|Malay|Russian|Chinese|Ukrainian|Belarusian|Zulu|French|Estonian|Slovenian|Latvian|Thai|Hindi|Polish|Persian|Portuguese|English|Arabic|Turkish|Croatian|Afrikaans|Tagalog|Japanese|Spanish; Castilian|Swedish|Slovak|Korean|Danish|Bokml- Norwegian; Norwegian Bokml|Amharic|Dutch; Flemish|Czech|Swahili|Bulgarian|Lithuanian|Hungarian|Hebrew|Italian|Finnish|German|Vietnamese|Greek- Modern (1453-)|Serbian]
com.viber.voip,37,33,[Romanian|Catalan; Valencian|Malay|Russian|Chinese|Ukrainian|French|Thai|Hindi|Polish|Portuguese|Arabic|Turkish|Croatian|Tagalog|Japanese|Swedish|Slovak|Spanish; Castilian|Korean|Danish|Bokml- Norwegian; Norwegian Bokml|Dutch; Flemish|Czech|Indonesian|Hungarian|Hebrew|Italian|Finnish|German|Vietnamese|Greek- Modern (1453-)|English]
com.google.android.googlequicksearchbox,300301080,49,[Czech|Belarusian|Swahili|Romanian|Dutch; Flemish|Catalan; Valencian|Bulgarian|Finnish|Malay|English|Latvian|Lithuanian|Zulu|Russian|Swedish|Portuguese|Persian|Vietnamese|German|Ukrainian|Georgian|Chinese|Slovenian|Hungarian|Amharic|Mongolian|Italian|Slovak|Tagalog|Serbian|French|Estonian|Danish|Lao|Japanese|Bokml- Norwegian; Norwegian Bokml|Romansh|Central Khmer|Thai|Hindi|Polish|Spanish; Castilian|Armenian|Arabic|Afrikaans|Turkish|Croatian|Korean|Greek- Modern (1453-)]
com.UCMobile.intl,88,8,[Russian|French|Portuguese|Spanish; Castilian|English|Chinese|Indonesian|Vietnamese]
com.rechild.advancedtaskkiller,103,1,[English]
com.cleanmaster.mguard,30860498,26,[Romanian|Malay|Russian|Chinese|Ukrainian|French|Thai|Hindi|Polish|Portuguese|Arabic|Turkish|Croatian|Japanese|Spanish; Castilian|Slovak|Korean|Bokml- Norwegian; Norwegian Bokml|Dutch; Flemish|Czech|Hungarian|Italian|German|Vietnamese|Greek- Modern (1453-)|English]
cn.jingling.motu.photowonder,106,8,[Malay|Chinese|Thai|Japanese|Korean|Indonesian|Vietnamese|English]
com.jiubang.goscreenlock,325,17,[Russian|Chinese|Ukrainian|French|Polish|Portuguese|Turkish|Japanese|Spanish; Castilian|Korean|Dutch; Flemish|Bulgarian|Italian|German|Greek- Modern (1453-)|Serbian|English]
brain.age.analyzer,52,10,[Russian|Chinese|French|Polish|Japanese|Spanish; Castilian|Korean|Hebrew|Italian|English]
com.PinballGame,9,1,[English]
com.StudioOnMars.CSPortable,3309,3,[Spanish; Castilian|Hebrew|English]
air.com.playtika.slotomania,1042000,15,[Russian|Chinese|French|Polish|Portuguese|Turkish|Japanese|Swedish|Spanish; Castilian|Korean|Dutch; Flemish|Czech|Italian|German|English]
com.rovio.angrybirdsstarwars.ads.iap,1300,1,[English]
com.amazon.mp3,2080310,6,[French|English|Japanese|Spanish; Castilian|Italian|German]
com.adobe.psmobile,10,2,[Japanese|English]
Uxpp.UC,112,2,[Korean|English]
com.kiloo.subwaysurf,32,3,[Spanish; Castilian|Hebrew|English]
com.socialnmobile.dictapps.notepad.color.note,172,11,[Russian|Chinese|French|Portuguese|Arabic|Japanese|Spanish; Castilian|Korean|Italian|German|English]
com.shootbubble.bubbledexlue,14,1,[English]
net.zedge.android,30500,3,[Spanish; Castilian|Bokml- Norwegian; Norwegian Bokml|English]
com.google.android.music,1316,49,[Slovak|Danish|Belarusian|Polish|Romanian|Catalan; Valencian|Swahili|Tagalog|French|Zulu|Swedish|Ukrainian|Portuguese|Afrikaans|Bulgarian|Estonian|Russian|Malay|Croatian|Latvian|Vietnamese|Chinese|English|German|Serbian|Dutch; Flemish|Bokml- Norwegian; Norwegian Bokml|Persian|Hindi|Korean|Slovenian|Spanish; Castilian|Hungarian|Lithuanian|Romansh|Thai|Turkish|Armenian|Mongolian|Arabic|Finnish|Japanese|Georgian|Italian|Greek- Modern (1453-)|Amharic|Czech|Central Khmer|Lao]
com.StudioOnMars.CSPortable,3020,3,[Spanish; Castilian|Hebrew|English]
com.antivirus,186306,17,[Russian|French|Hindi|Polish|Portuguese|Arabic|Turkish|Japanese|Chinese|Spanish; Castilian|Korean|Dutch; Flemish|Czech|Hebrew|Italian|German|English]
Uxpp.UC,86,2,[Korean|English]
air.au.com.metro.DumbWaysToDie,1004001,1,[English]
com.rechild.advancedtaskkiller,10203,1,[English]
com.facebook.katana,666397,52,[Romanian|Catalan; Valencian|Malay|Russian|Tamil|Chinese|Ukrainian|Belarusian|Zulu|French|Estonian|Slovenian|Latvian|Thai|Hindi|Polish|Spanish; Castilian|Persian|Portuguese|English|Arabic|Panjabi; Punjabi|Turkish|Croatian|Afrikaans|Kannada|Tagalog|Japanese|Gujarati|Swedish|Slovak|Korean|Danish|Bokml- Norwegian; Norwegian Bokml|Telugu|Amharic|Dutch; Flemish|Czech|Swahili|Malayalam|Indonesian|Bengali|Bulgarian|Lithuanian|Hungarian|Italian|Marathi|Finnish|German|Vietnamese|Greek- Modern (1453-)|Serbian]
com.netflix.mediaclient,950,9,[French|Portuguese|English|Swedish|Spanish; Castilian|Danish|Bokml- Norwegian; Norwegian Bokml|Dutch; Flemish|Finnish]
com.adobe.reader,85478,16,[Russian|Chinese|French|Polish|Portuguese|Turkish|English|Japanese|Swedish|Spanish; Castilian|Korean|Danish|Dutch; Flemish|Czech|Italian|German]
com.twitter.android,421,43,[Romanian|Arabic|Catalan; Valencian|Persian|Malay|Russian|Chinese|Ukrainian|Belarusian|Zulu|French|Estonian|Slovenian|Latvian|Thai|Hindi|Polish|Portuguese|English|Turkish|Croatian|Afrikaans|Tagalog|Japanese|Spanish; Castilian|Swedish|Slovak|Korean|Danish|Bokml- Norwegian; Norwegian Bokml|Amharic|Dutch; Flemish|Czech|Swahili|Bulgarian|Lithuanian|Hungarian|Italian|Finnish|German|Vietnamese|Greek- Modern (1453-)|Serbian]
com.lookout,81910,10,[Russian|Chinese|French|Polish|Portuguese|English|Japanese|Spanish; Castilian|Korean|German]
com.google.android.talk,757001,43,[Romanian|Catalan; Valencian|Chinese|Czech|Malay|Hindi|Persian|Russian|Danish|Latvian|Croatian|Ukrainian|Belarusian|Slovak|Zulu|Arabic|French|Polish|Estonian|Slovenian|Spanish; Castilian|Thai|English|German|Dutch; Flemish|Portuguese|Bulgarian|Afrikaans|Italian|Turkish|Swahili|Swedish|Tagalog|Japanese|Finnish|Korean|Bokml- Norwegian; Norwegian Bokml|Amharic|Vietnamese|Hungarian|Greek- Modern (1453-)|Lithuanian|Serbian]
com.alienmanfc6.wheresmyandroid,90,1,[English]
com.google.android.youtube,5021,44,[Romanian|Catalan; Valencian|Malay|Russian|Chinese|Ukrainian|Belarusian|Zulu|French|Estonian|Slovenian|Latvian|Romansh|Thai|Hindi|Polish|Persian|Portuguese|English|Arabic|Turkish|Croatian|Afrikaans|Tagalog|Japanese|Spanish; Castilian|Swedish|Slovak|Korean|Danish|Bokml- Norwegian; Norwegian Bokml|Amharic|Dutch; Flemish|Czech|Swahili|Bulgarian|Lithuanian|Hungarian|Italian|Finnish|German|Vietnamese|Greek- Modern (1453-)|Serbian]
com.sec.spp.push,36,51,[Kazakh|Romanian|Catalan; Valencian|English|Irish|Malay|Russian|Tamil|Chinese|Ukrainian|French|Estonian|Georgian|Slovenian|Latvian|Thai|Hindi|Polish|Persian|Icelandic|Macedonian|Portuguese|Arabic|Panjabi; Punjabi|Turkish|Croatian|Kannada|Urdu|Japanese|Gujarati|Spanish; Castilian|Swedish|Slovak|Korean|Danish|Bokml- Norwegian; Norwegian Bokml|Telugu|Dutch; Flemish|Czech|Malayalam|Bengali|Bulgarian|Lithuanian|Hungarian|Italian|Marathi|Finnish|German|Vietnamese|Greek- Modern (1453-)|Serbian]
com.google.android.gm,4600370,44,[Czech|Belarusian|Romanian|Catalan; Valencian|Finnish|Latvian|Malay|Zulu|Russian|Swedish|Persian|Vietnamese|Bulgarian|Chinese|Ukrainian|Slovenian|Hungarian|Italian|Slovak|French|Estonian|English|Bokml- Norwegian; Norwegian Bokml|Romansh|Thai|Serbian|Hindi|Polish|Portuguese|Arabic|Afrikaans|Turkish|Croatian|German|Tagalog|Greek- Modern (1453-)|Korean|Japanese|Spanish; Castilian|Dutch; Flemish|Danish|Lithuanian|Swahili|Amharic]
ch.smalltech.ledflashlight.free,160,31,[Romanian|Malay|Russian|Ukrainian|Chinese|French|Thai|Hindi|Polish|Portuguese|Arabic|Turkish|Japanese|Swedish|Slovak|Spanish; Castilian|Korean|Danish|Bokml- Norwegian; Norwegian Bokml|Dutch; Flemish|Czech|Bulgarian|Hungarian|Hebrew|Italian|Finnish|German|Vietnamese|Greek- Modern (1453-)|Serbian|English]
com.android.chrome,1547059,38,[Romanian|Catalan; Valencian|Russian|Chinese|Ukrainian|French|Slovenian|Latvian|Thai|Hindi|Polish|Persian|English|Arabic|Portuguese|Turkish|Croatian|Tagalog|Japanese|Spanish; Castilian|Swedish|Slovak|Korean|Danish|Bokml- Norwegian; Norwegian Bokml|Amharic|Dutch; Flemish|Czech|Swahili|Bulgarian|Lithuanian|Hungarian|Italian|Finnish|German|Vietnamese|Greek- Modern (1453-)|Serbian]
com.outfit7.talkingtom2free,73,12,[Russian|French|Portuguese|Arabic|Turkish|Japanese|Chinese|Spanish; Castilian|Korean|Italian|German|English]
com.google.android.apps.translate,30000028,50,[Romanian|Catalan; Valencian|Malay|Armenian|Russian|Chinese|Ukrainian|Zulu|French|Estonian|Georgian|Slovenian|Latvian|Thai|Hindi|Polish|Mongolian|Persian|Portuguese|Lao|English|Arabic|Turkish|Croatian|Afrikaans|Tagalog|Japanese|Spanish; Castilian|Norwegian|Swedish|Slovak|Korean|Danish|Bokml- Norwegian; Norwegian Bokml|Amharic|Dutch; Flemish|Czech|Swahili|Indonesian|Bulgarian|Central Khmer|Lithuanian|Hungarian|Hebrew|Italian|Finnish|German|Vietnamese|Greek- Modern (1453-)|Serbian]
com.bestcoolfungames.antsmasher,7002,6,[Russian|French|Portuguese|Japanese|Chinese|English]
com.google.earth,13140170,40,[Spanish; Castilian|Romanian|Catalan; Valencian|Malay|Russian|Chinese|Ukrainian|French|Slovenian|Latvian|Thai|Hindi|Polish|Persian|English|Arabic|Portuguese|Turkish|Croatian|Tagalog|Japanese|Norwegian|Swedish|Slovak|Korean|Danish|Bokml- Norwegian; Norwegian Bokml|Dutch; Flemish|Czech|Indonesian|Bulgarian|Lithuanian|Hungarian|Hebrew|Italian|Finnish|German|Vietnamese|Greek- Modern (1453-)|Serbian]
com.RunnerGames.game.JewelsDeluxe_AD,25,1,[English]
cn.wps.moffice_eng,65,2,[Chinese|English]
com.adobe.air,3800087,15,[Russian|Chinese|French|Polish|Portuguese|Turkish|Japanese|Swedish|Spanish; Castilian|Korean|Dutch; Flemish|Czech|Italian|German|English]
com.instagram.android,824805,25,[Malay|Russian|Chinese|Spanish; Castilian|French|Thai|Polish|Portuguese|Turkish|Afrikaans|Tagalog|Japanese|Swedish|Korean|Danish|Bokml- Norwegian; Norwegian Bokml|Dutch; Flemish|Czech|Indonesian|Hebrew|Italian|Finnish|German|Greek- Modern (1453-)|English]
flipboard.app,2025,14,[Arabic|English|Russian|French|Hindi|Spanish; Castilian|Portuguese|Japanese|Chinese|Korean|Dutch; Flemish|Hebrew|Italian|German]
com.aitype.android,1999,37,[Catalan; Valencian|Esperanto|Russian|French|Chinese|Ukrainian|Georgian|Slovenian|Latvian|Romansh|Thai|Polish|Persian|Portuguese|English|Arabic|Turkish|Japanese|Spanish; Castilian|Norwegian|Swedish|Slovak|Korean|Danish|Vietnamese|Bokml- Norwegian; Norwegian Bokml|Dutch; Flemish|Czech|Bulgarian|Lithuanian|Hungarian|Hebrew|Italian|Finnish|German|Greek- Modern (1453-)|Serbian]
com.alienmanfc6.wheresmyandroid,92,1,[English]
com.devuni.flashlight,139,42,[Kazakh|Romanian|Catalan; Valencian|Malay|Bosnian|Russian|Chinese|Ukrainian|French|Estonian|Slovenian|Latvian|Thai|Hindi|Polish|Icelandic|Macedonian|Portuguese|Turkish|Croatian|Tagalog|Japanese|Swedish|Albanian|Slovak|Spanish; Castilian|Korean|Danish|Bokml- Norwegian; Norwegian Bokml|Dutch; Flemish|Czech|Bengali|Bulgarian|Lithuanian|Hungarian|Italian|Finnish|German|Vietnamese|Greek- Modern (1453-)|Serbian|English]
org.mozilla.firefox,2013120507,24,[Romanian|Catalan; Valencian|Irish|Russian|Chinese|Ukrainian|French|Polish|Spanish; Castilian|English|Portuguese|Turkish|Japanese|Bokml- Norwegian; Norwegian Bokml|Slovak|Korean|Danish|Dutch; Flemish|Czech|Hungarian|Italian|Swedish|Finnish|German]
com.kakao.talk,129,12,[Spanish; Castilian|Turkish|Korean|Chinese|Thai|Japanese|Italian|Vietnamese|French|Portuguese|German|English]
com.a0soft.gphone.app2sd,318,36,[Romanian|Russian|Tamil|Ukrainian|French|Slovenian|Hindi|Polish|Persian|Macedonian|Portuguese|Arabic|Turkish|Croatian|Tagalog|Japanese|Swedish|Chinese|Slovak|Spanish; Castilian|Korean|Danish|Galician|Dutch; Flemish|Czech|Bulgarian|Lithuanian|Hungarian|Hebrew|Italian|Finnish|German|Vietnamese|Greek- Modern (1453-)|Serbian|English]
com.google.android.gm,986,44,[Czech|Belarusian|Romanian|Catalan; Valencian|Finnish|Latvian|Malay|Zulu|Russian|Swedish|Persian|Vietnamese|Bulgarian|Chinese|Ukrainian|Slovenian|Hungarian|Italian|Slovak|French|Estonian|English|Bokml- Norwegian; Norwegian Bokml|Romansh|Thai|Serbian|Hindi|Polish|Portuguese|Arabic|Afrikaans|Turkish|Croatian|German|Tagalog|Greek- Modern (1453-)|Korean|Japanese|Spanish; Castilian|Dutch; Flemish|Danish|Lithuanian|Swahili|Amharic]
tunein.player,68,44,[Romanian|Catalan; Valencian|Malay|Russian|Chinese|Ukrainian|Belarusian|Zulu|French|Estonian|Slovenian|Latvian|Thai|Hindi|Polish|Persian|Portuguese|English|Arabic|Turkish|Croatian|Afrikaans|Tagalog|Japanese|Spanish; Castilian|Swedish|Slovak|Korean|Danish|Bokml- Norwegian; Norwegian Bokml|Amharic|Dutch; Flemish|Czech|Swahili|Bulgarian|Lithuanian|Hungarian|Hebrew|Italian|Finnish|German|Vietnamese|Greek- Modern (1453-)|Serbian]
com.alensw.PicFolder,125,15,[Russian|Chinese|French|Polish|Portuguese|Turkish|Japanese|Swedish|Spanish; Castilian|Korean|Hungarian|Italian|German|Greek- Modern (1453-)|English]
com.android.chrome,1650059,48,[Romanian|Catalan; Valencian|Malay|English|Russian|Chinese|Ukrainian|Belarusian|Zulu|French|Estonian|Slovenian|Latvian|Thai|Hindi|Polish|Persian|Portuguese|Armenian|Mongolian|Arabic|Turkish|Croatian|Georgian|Afrikaans|Tagalog|Japanese|Spanish; Castilian|Swedish|Slovak|Central Khmer|Korean|Danish|Bokml- Norwegian; Norwegian Bokml|Amharic|Dutch; Flemish|Czech|Swahili|Bulgarian|Lithuanian|Hungarian|Italian|Finnish|Lao|German|Vietnamese|Greek- Modern (1453-)|Serbian]
co.vine.android,67,43,[Romanian|Catalan; Valencian|Malay|Russian|Chinese|Ukrainian|Belarusian|Zulu|French|Estonian|Slovenian|Latvian|Thai|Hindi|Polish|Persian|Portuguese|English|Arabic|Turkish|Croatian|Afrikaans|Tagalog|Japanese|Spanish; Castilian|Swedish|Slovak|Korean|Danish|Bokml- Norwegian; Norwegian Bokml|Amharic|Dutch; Flemish|Czech|Swahili|Bulgarian|Lithuanian|Hungarian|Italian|Finnish|German|Vietnamese|Greek- Modern (1453-)|Serbian]
com.agilesoftresource,186537,18,[Bosnian|Russian|Chinese|French|Polish|Portuguese|Arabic|Turkish|Croatian|Japanese|Swedish|Spanish; Castilian|Korean|Hebrew|Italian|German|Serbian|English]
com.viber.voip,47,45,[Romanian|Catalan; Valencian|Malay|Russian|Chinese|Ukrainian|Belarusian|Zulu|French|Estonian|Slovenian|Latvian|Thai|Hindi|Polish|Persian|Portuguese|English|Arabic|Turkish|Croatian|Afrikaans|Tagalog|Japanese|Spanish; Castilian|Swedish|Slovak|Korean|Danish|Bokml- Norwegian; Norwegian Bokml|Amharic|Dutch; Flemish|Czech|Swahili|Indonesian|Bulgarian|Lithuanian|Hungarian|Hebrew|Italian|Finnish|German|Vietnamese|Greek- Modern (1453-)|Serbian]
com.a0soft.gphone.aDataOnOff,274,37,[Romanian|Russian|Tamil|Ukrainian|French|Slovenian|Thai|Hindi|Polish|Persian|Macedonian|Portuguese|Arabic|Turkish|Croatian|Tagalog|Japanese|Swedish|Chinese|Slovak|Spanish; Castilian|Korean|Danish|Galician|Dutch; Flemish|Czech|Bulgarian|Lithuanian|Hungarian|Hebrew|Italian|Finnish|German|Vietnamese|Greek- Modern (1453-)|Serbian|English]
com.mxtech.videoplayer.ad,65,42,[Romanian|Catalan; Valencian|Armenian|Russian|Tamil|Chinese|Ukrainian|French|Estonian|Georgian|Slovenian|Latvian|Polish|Mongolian|Persian|Portuguese|Arabic|Turkish|Croatian|Japanese|Norwegian|Swedish|Slovak|Uighur; Uyghur|Spanish; Castilian|Korean|Danish|Kurdish|Dutch; Flemish|Czech|Bengali|Bulgarian|Lithuanian|Hungarian|Italian|Marathi|Finnish|German|Vietnamese|Greek- Modern (1453-)|Serbian|English]
com.amdroid.pedo.gas.flatulencia,4,42,[Romanian|Italian|Catalan; Valencian|English|Czech|Malay|Hindi|Japanese|Chinese|Ukrainian|French|Belarusian|Zulu|Hungarian|Estonian|Slovenian|Latvian|Korean|Thai|Spanish; Castilian|Persian|Arabic|Portuguese|Dutch; Flemish|Croatian|Danish|Afrikaans|Russian|Norwegian|Slovak|Greek- Modern (1453-)|Polish|Turkish|Swahili|German|Indonesian|Bulgarian|Lithuanian|Swedish|Finnish|Vietnamese|Serbian]
com.facebook.orca,906963,52,[Romanian|Catalan; Valencian|Malay|Russian|Tamil|Chinese|Ukrainian|Belarusian|Zulu|French|Estonian|Slovenian|Latvian|Thai|Hindi|Polish|Spanish; Castilian|Persian|Portuguese|English|Arabic|Panjabi; Punjabi|Turkish|Croatian|Afrikaans|Kannada|Tagalog|Japanese|Gujarati|Swedish|Slovak|Korean|Danish|Bokml- Norwegian; Norwegian Bokml|Telugu|Amharic|Dutch; Flemish|Czech|Swahili|Malayalam|Indonesian|Bengali|Bulgarian|Lithuanian|Hungarian|Italian|Marathi|Finnish|German|Vietnamese|Greek- Modern (1453-)|Serbian]
com.roidapp.photogrid,125,27,[Romanian|Malay|Russian|Chinese|Ukrainian|French|Thai|Hindi|Polish|Persian|Portuguese|Arabic|Turkish|Croatian|Japanese|Slovak|Spanish; Castilian|Korean|Bokml- Norwegian; Norwegian Bokml|Dutch; Flemish|Czech|Hungarian|Italian|German|Vietnamese|Greek- Modern (1453-)|English]
cn.jingling.motu.photowonder,101,8,[Malay|Chinese|Thai|Japanese|Korean|Indonesian|Vietnamese|English]
at.nerbrothers.SuperJump,16,1,[English]
com.ebay.mobile,43,5,[English|French|Spanish; Castilian|Italian|German]
com.outfit7.talkingtom,52,11,[Russian|French|Portuguese|Arabic|Japanese|Chinese|Spanish; Castilian|Korean|Italian|German|English]
at.nerbrothers.SuperJump,11,1,[English]
org.mozilla.firefox,2013073011,19,[Russian|Chinese|French|Polish|Spanish; Castilian|Portuguese|Turkish|Japanese|Bokml- Norwegian; Norwegian Bokml|Slovak|Korean|Danish|Dutch; Flemish|Czech|Hungarian|Italian|Finnish|German|English]
com.zeptolab.ctr.ads,30,43,[Romanian|Catalan; Valencian|Malay|Russian|Chinese|Ukrainian|Belarusian|Zulu|French|Estonian|Slovenian|Latvian|Thai|Hindi|Polish|Persian|Portuguese|English|Arabic|Turkish|Croatian|Afrikaans|Tagalog|Japanese|Spanish; Castilian|Swedish|Slovak|Korean|Danish|Bokml- Norwegian; Norwegian Bokml|Amharic|Dutch; Flemish|Czech|Swahili|Bulgarian|Lithuanian|Hungarian|Italian|Finnish|German|Vietnamese|Greek- Modern (1453-)|Serbian]
atticlab.bodyscanner,47,1,[English]
com.mxtech.videoplayer.ad,63,42,[Romanian|Catalan; Valencian|Armenian|Russian|Tamil|Chinese|Ukrainian|French|Estonian|Georgian|Slovenian|Latvian|Polish|Mongolian|Persian|Portuguese|Arabic|Turkish|Croatian|Japanese|Norwegian|Swedish|Slovak|Uighur; Uyghur|Spanish; Castilian|Korean|Danish|Kurdish|Dutch; Flemish|Czech|Bengali|Bulgarian|Lithuanian|Hungarian|Italian|Marathi|Finnish|German|Vietnamese|Greek- Modern (1453-)|Serbian|English]
com.google.android.videos,26091,15,[English|Russian|Chinese|French|Thai|Polish|Portuguese|Arabic|Turkish|Japanese|Spanish; Castilian|Korean|Dutch; Flemish|Italian|German]
com.google.android.videos,30251,16,[Catalan; Valencian|English|Russian|Chinese|French|Thai|Polish|Portuguese|Arabic|Turkish|Japanese|Spanish; Castilian|Korean|Dutch; Flemish|Italian|German]
jp.naver.line.android,135,15,[Malay|Russian|Chinese|French|Thai|English|Arabic|Portuguese|Turkish|Japanese|Spanish; Castilian|Korean|Italian|German|Vietnamese]
com.agilesoftresource,131,18,[Bosnian|Russian|Chinese|French|Polish|Portuguese|Arabic|Turkish|Croatian|Japanese|Swedish|Spanish; Castilian|Korean|Hebrew|Italian|German|Serbian|English]
com.tencent.mm,355,17,[Malay|Russian|Chinese|French|Thai|Hindi|Polish|Portuguese|Arabic|Turkish|English|Japanese|Spanish; Castilian|Korean|Italian|German|Vietnamese]
com.google.android.apps.magazines,133231515,45,[Romanian|Catalan; Valencian|Malay|English|Russian|Chinese|Ukrainian|Belarusian|Zulu|French|Estonian|Slovenian|Latvian|Thai|Hindi|Polish|Persian|Portuguese|Arabic|Turkish|Croatian|Afrikaans|Tagalog|Japanese|Spanish; Castilian|Norwegian|Swedish|Slovak|Korean|Danish|Bokml- Norwegian; Norwegian Bokml|Amharic|Dutch; Flemish|Czech|Swahili|Indonesian|Bulgarian|Lithuanian|Hungarian|Italian|Finnish|German|Vietnamese|Greek- Modern (1453-)|Serbian]
com.google.android.youtube,5324,44,[Romanian|Catalan; Valencian|Malay|English|Russian|Chinese|Ukrainian|Belarusian|Zulu|French|Estonian|Slovenian|Latvian|Romansh|Thai|Hindi|Polish|Persian|Portuguese|Arabic|Turkish|Croatian|Afrikaans|Tagalog|Japanese|Spanish; Castilian|Swedish|Slovak|Korean|Danish|Bokml- Norwegian; Norwegian Bokml|Amharic|Dutch; Flemish|Czech|Swahili|Bulgarian|Lithuanian|Hungarian|Italian|Finnish|German|Vietnamese|Greek- Modern (1453-)|Serbian]
com.twitter.android,3000517,43,[Romanian|Arabic|Catalan; Valencian|Persian|Malay|Russian|Chinese|Ukrainian|Belarusian|Zulu|French|Estonian|Slovenian|Latvian|Thai|Hindi|Polish|Portuguese|English|Turkish|Croatian|Afrikaans|Tagalog|Japanese|Spanish; Castilian|Swedish|Slovak|Korean|Danish|Bokml- Norwegian; Norwegian Bokml|Amharic|Dutch; Flemish|Czech|Swahili|Bulgarian|Lithuanian|Hungarian|Italian|Finnish|German|Vietnamese|Greek- Modern (1453-)|Serbian]
com.sgiggle.production,68,51,[Romanian|Catalan; Valencian|Malay|English|Russian|Chinese|Ukrainian|Belarusian|Zulu|French|Estonian|Slovenian|Latvian|Thai|Hindi|Polish|Persian|Portuguese|Armenian|Mongolian|Arabic|Dutch; Flemish|Turkish|Croatian|Georgian|Afrikaans|Tagalog|Japanese|Spanish; Castilian|Norwegian|Swedish|Slovak|Central Khmer|Korean|Danish|Bokml- Norwegian; Norwegian Bokml|Amharic|Czech|Swahili|Indonesian|Bulgarian|Serbian|Lithuanian|Hungarian|Hebrew|Italian|Finnish|Lao|German|Vietnamese|Greek- Modern (1453-)]
com.jb.gosms,170,6,[Malay|Chinese|French|Korean|German|English]
com.instagram.android,639564,25,[Malay|Russian|Chinese|Spanish; Castilian|French|Thai|Polish|Portuguese|Turkish|Afrikaans|Tagalog|Japanese|Swedish|Korean|Danish|Bokml- Norwegian; Norwegian Bokml|Dutch; Flemish|Czech|Indonesian|Hebrew|Italian|Finnish|German|Greek- Modern (1453-)|English]
com.samsung.swift.app.kiesair,23180,62,[Kazakh|Romanian|Basque|Catalan; Valencian|English|Irish|Malay|Azerbaijani|Armenian|Russian|Tamil|Ukrainian|Assamese|French|Estonian|Georgian|Slovenian|Latvian|Thai|Hindi|Polish|Persian|Icelandic|Macedonian|Portuguese|Arabic|Panjabi; Punjabi|Turkish|Croatian|Kannada|Urdu|Japanese|Gujarati|Spanish; Castilian|Norwegian|Chinese|Swedish|Slovak|Korean|Danish|Galician|Bokml- Norwegian; Norwegian Bokml|Telugu|Dutch; Flemish|Czech|Malayalam|Sinhala; Sinhalese|Indonesian|Bengali|Bulgarian|Lithuanian|Hungarian|Hebrew|Italian|Nepali|Marathi|Finnish|Oriya|German|Vietnamese|Greek- Modern (1453-)|Serbian]
com.androidwasabi.livewallpaper.dandelion,42,24,[Malay|Russian|Chinese|Ukrainian|French|Thai|Polish|Portuguese|Turkish|Japanese|Norwegian|Swedish|Spanish; Castilian|Korean|Danish|Dutch; Flemish|Czech|Hungarian|Italian|Finnish|German|Vietnamese|Greek- Modern (1453-)|English]
com.RunnerGames.game.JewelsDeluxe_AD,24,1,[English]
com.rovio.angrybirdsrio,1700,1,[English]
com.amazon.mShop.android,49,7,[French|English|Japanese|Chinese|Spanish; Castilian|Italian|German]
com.a0soft.gphone.aDataOnOff,264,36,[Romanian|Russian|Tamil|Ukrainian|French|Slovenian|Hindi|Polish|Persian|Macedonian|Portuguese|Arabic|Turkish|Croatian|Tagalog|Japanese|Swedish|Chinese|Slovak|Spanish; Castilian|Korean|Danish|Galician|Dutch; Flemish|Czech|Bulgarian|Lithuanian|Hungarian|Hebrew|Italian|Finnish|German|Vietnamese|Greek- Modern (1453-)|Serbian|English]
com.devuni.flashlight,141,42,[Kazakh|Romanian|Catalan; Valencian|Malay|Bosnian|Russian|Chinese|Ukrainian|French|Estonian|Slovenian|Latvian|Thai|Hindi|Polish|Icelandic|Macedonian|Portuguese|Turkish|Croatian|Tagalog|Japanese|Swedish|Albanian|Slovak|Spanish; Castilian|Korean|Danish|Bokml- Norwegian; Norwegian Bokml|Dutch; Flemish|Czech|Bengali|Bulgarian|Lithuanian|Hungarian|Italian|Finnish|German|Vietnamese|Greek- Modern (1453-)|Serbian|English]
com.halfbrick.jetpackjoyride,1526,6,[French|Chinese|Spanish; Castilian|Italian|German|English]
com.tencent.mm,351,16,[Malay|Russian|Chinese|Thai|Hindi|Polish|Portuguese|Arabic|Turkish|English|Japanese|Spanish; Castilian|Korean|Italian|German|Vietnamese]
com.avast.android.mobilesecurity,6158,44,[Romanian|Catalan; Valencian|Malay|Russian|Chinese|Ukrainian|Belarusian|Zulu|French|Estonian|Slovenian|Latvian|Thai|Hindi|Polish|Persian|Portuguese|English|Arabic|Turkish|Croatian|Afrikaans|Tagalog|Japanese|Spanish; Castilian|Swedish|Slovak|Korean|Danish|Bokml- Norwegian; Norwegian Bokml|Amharic|Dutch; Flemish|Czech|Swahili|Bulgarian|Lithuanian|Hungarian|Hebrew|Italian|Finnish|German|Vietnamese|Greek- Modern (1453-)|Serbian]
com.cleanmaster.mguard,30700303,24,[Romanian|Russian|Chinese|Ukrainian|French|Thai|Polish|Portuguese|Arabic|Turkish|Croatian|Japanese|Slovak|Spanish; Castilian|Korean|Bokml- Norwegian; Norwegian Bokml|Dutch; Flemish|Czech|Hungarian|Italian|German|Vietnamese|Greek- Modern (1453-)|English]
com.bestcoolfungames.antsmasher,7007,6,[Russian|French|Portuguese|Japanese|Chinese|English]
com.androidwasabi.livewallpaper.waterdrop,28,24,[Malay|Russian|Chinese|Ukrainian|French|Thai|Polish|Portuguese|Turkish|Japanese|Norwegian|Swedish|Spanish; Castilian|Korean|Danish|Dutch; Flemish|Czech|Hungarian|Italian|Finnish|German|Vietnamese|Greek- Modern (1453-)|English]
com.facebook.orca,295612,35,[Malay|Russian|Tamil|Chinese|French|Thai|Hindi|Polish|Spanish; Castilian|Portuguese|Arabic|Panjabi; Punjabi|Turkish|Afrikaans|Kannada|Tagalog|Japanese|Gujarati|Swedish|Korean|Danish|Bokml- Norwegian; Norwegian Bokml|Telugu|Dutch; Flemish|Czech|Malayalam|Indonesian|Bengali|Italian|Marathi|Finnish|German|Vietnamese|Greek- Modern (1453-)|English]
com.creativemobile.DragRacing,85,7,[Russian|Portuguese|Chinese|Korean|Italian|German|English]
com.picsart.studio,68,45,[Romanian|Catalan; Valencian|Malay|Armenian|Russian|Chinese|Ukrainian|Belarusian|Zulu|French|Estonian|Slovenian|Latvian|Thai|Hindi|Polish|Persian|Portuguese|English|Arabic|Turkish|Croatian|Afrikaans|Tagalog|Japanese|Spanish; Castilian|Swedish|Slovak|Korean|Danish|Bokml- Norwegian; Norwegian Bokml|Amharic|Dutch; Flemish|Czech|Swahili|Bulgarian|Lithuanian|Hungarian|Hebrew|Italian|Finnish|German|Vietnamese|Greek- Modern (1453-)|Serbian]
com.gameloft.android.ANMP.GloftDMHM,110,13,[Russian|Chinese|French|Polish|Portuguese|Turkish|Japanese|Spanish; Castilian|Korean|Hebrew|Italian|German|English]
com.rovio.angrybirdsrio,1800,3,[Spanish; Castilian|Hebrew|English]
com.yahoo.mobile.client.android.mail,1311682,21,[Romanian|Malay|English|Russian|Chinese|Spanish; Castilian|French|Polish|Portuguese|Dutch; Flemish|Danish|Japanese|Bokml- Norwegian; Norwegian Bokml|Greek- Modern (1453-)|Korean|Turkish|Indonesian|Italian|Swedish|German|Vietnamese]
com.alensw.PicFolder,111,12,[Russian|Chinese|French|Portuguese|Japanese|Swedish|Spanish; Castilian|Korean|Italian|German|Greek- Modern (1453-)|English]
com.ansangha.drdriving,24,45,[Romanian|Catalan; Valencian|Malay|Russian|Chinese|Ukrainian|Belarusian|Zulu|French|Estonian|Slovenian|Latvian|Thai|Hindi|Polish|Persian|Portuguese|English|Arabic|Turkish|Croatian|Afrikaans|Tagalog|Japanese|Spanish; Castilian|Swedish|Slovak|Korean|Danish|Bokml- Norwegian; Norwegian Bokml|Amharic|Dutch; Flemish|Czech|Swahili|Indonesian|Bulgarian|Lithuanian|Hungarian|Hebrew|Italian|Finnish|German|Vietnamese|Greek- Modern (1453-)|Serbian]
vStudio.Android.Camera360,434,3,[Chinese|Thai|English]
com.rovio.angrybirdsspace.ads,1520,1,[English]
com.facebook.katana,258882,26,[Malay|Russian|Chinese|French|Thai|Polish|Spanish; Castilian|Portuguese|Arabic|Turkish|Afrikaans|Tagalog|Japanese|Swedish|Korean|Danish|Bokml- Norwegian; Norwegian Bokml|Dutch; Flemish|Czech|Indonesian|Italian|Finnish|German|Vietnamese|Greek- Modern (1453-)|English]
com.kakao.talk,138,12,[Spanish; Castilian|Turkish|Korean|Chinese|Thai|Japanese|Italian|Vietnamese|French|Portuguese|German|English]
com.rovio.angrybirdsstarwars.ads.iap,1410,1,[English]
com.google.android.googlequicksearchbox,300301240,49,[Czech|Belarusian|Swahili|Romanian|Dutch; Flemish|Catalan; Valencian|Bulgarian|Finnish|Malay|English|Latvian|Lithuanian|Zulu|Russian|Swedish|Portuguese|Persian|Vietnamese|German|Ukrainian|Georgian|Chinese|Slovenian|Hungarian|Amharic|Mongolian|Italian|Slovak|Tagalog|Serbian|French|Estonian|Danish|Lao|Japanese|Bokml- Norwegian; Norwegian Bokml|Romansh|Central Khmer|Thai|Hindi|Polish|Spanish; Castilian|Armenian|Arabic|Afrikaans|Turkish|Croatian|Korean|Greek- Modern (1453-)]
com.imangi.templerun2,14,44,[Romanian|Catalan; Valencian|Malay|Russian|Chinese|Ukrainian|Belarusian|Zulu|French|Estonian|Slovenian|Latvian|Thai|Hindi|Polish|Persian|Portuguese|English|Arabic|Turkish|Croatian|Afrikaans|Tagalog|Japanese|Spanish; Castilian|Swedish|Slovak|Korean|Danish|Bokml- Norwegian; Norwegian Bokml|Amharic|Dutch; Flemish|Czech|Swahili|Bulgarian|Lithuanian|Hungarian|Hebrew|Italian|Finnish|German|Vietnamese|Greek- Modern (1453-)|Serbian]
com.UCMobile.intl,89,8,[Russian|French|Portuguese|Spanish; Castilian|English|Chinese|Indonesian|Vietnamese]
com.metago.astro,525,11,[Russian|Chinese|French|Portuguese|Japanese|Spanish; Castilian|Korean|Hebrew|Italian|German|English]
com.google.android.apps.books,20921,43,[Romanian|Catalan; Valencian|Malay|Russian|Chinese|Ukrainian|Belarusian|Zulu|French|Estonian|Slovenian|Latvian|Thai|Hindi|Polish|Persian|Portuguese|English|Arabic|Turkish|Croatian|Afrikaans|Tagalog|Japanese|Spanish; Castilian|Swedish|Slovak|Korean|Danish|Bokml- Norwegian; Norwegian Bokml|Amharic|Dutch; Flemish|Czech|Swahili|Bulgarian|Lithuanian|Hungarian|Italian|Finnish|German|Vietnamese|Greek- Modern (1453-)|Serbian]
com.sec.spp.push,46,51,[Kazakh|Romanian|Catalan; Valencian|English|Irish|Malay|Russian|Tamil|Chinese|Ukrainian|French|Estonian|Georgian|Slovenian|Latvian|Thai|Hindi|Polish|Persian|Icelandic|Macedonian|Portuguese|Arabic|Panjabi; Punjabi|Turkish|Croatian|Kannada|Urdu|Japanese|Gujarati|Spanish; Castilian|Swedish|Slovak|Korean|Danish|Bokml- Norwegian; Norwegian Bokml|Telugu|Dutch; Flemish|Czech|Malayalam|Bengali|Bulgarian|Lithuanian|Hungarian|Italian|Marathi|Finnish|German|Vietnamese|Greek- Modern (1453-)|Serbian]
tunein.player,116,44,[Romanian|Catalan; Valencian|Malay|Russian|Chinese|Ukrainian|Belarusian|Zulu|French|Estonian|Slovenian|Latvian|Thai|Hindi|Polish|Persian|Portuguese|English|Arabic|Turkish|Croatian|Afrikaans|Tagalog|Japanese|Spanish; Castilian|Swedish|Slovak|Korean|Danish|Bokml- Norwegian; Norwegian Bokml|Amharic|Dutch; Flemish|Czech|Swahili|Bulgarian|Lithuanian|Hungarian|Hebrew|Italian|Finnish|German|Vietnamese|Greek- Modern (1453-)|Serbian]
com.surpax.ledflashlight.panel,4,10,[Italian|Japanese|Chinese|French|Korean|Spanish; Castilian|Dutch; Flemish|Portuguese|German|English]
